sact_id|act_id|sact_text
1|1|entering a new phase
2|1|striking out on a new path
3|1|expanding horizons
4|1|starting something new
5|1|beginning an adventure
6|1|going on a journey
7|1|heading into the unknown
8|2|living in the moment
9|2|letting go of expectations
10|2|doing the unexpected
11|2|acting on impulse
12|2|feeling uninhibited
13|2|surprising someone
14|2|feeling carefree
15|3|trusting the flow
16|3|staying open
17|3|letting go of worry and fear
18|3|feeling protected and loved
19|3|living in joy
20|3|recapturing innocence
21|3|believing
22|4|accepting your choices
23|4|"taking the ""foolish"" path"
24|4|pursuing a pipe dream
25|4|being true to yourself
26|4|"taking a ""crazy"" chance"
27|4|trusting your heart's desire
28|5|doing what needs to be done
29|5|realizing your potential
30|5|making what's possible real
31|5|practicing what you preach
32|5|carrying out plans
33|5|producing magical results
34|5|using your talents
35|6|knowing what you are doing and why
36|6|acknowledging your motivations
37|6|understanding your intentions
38|6|examining the known situation
39|7|having singleness of purpose
40|7|being totally committed
41|7|applying the force of your will
42|7|feeling centered
43|7|setting aside distractions
44|7|focusing on a goal
45|8|making a strong impact
46|8|having vitality
47|8|creating miracles
48|8|becoming energized
49|8|feeling vigorous
50|8|being creative
51|9|withdrawing from involvement
52|9|allowing events to proceed without intervention
53|9|being receptive to influence
54|9|becoming calm
55|9|being passive
56|9|waiting patiently
57|10|using your intuition
58|10|seeking guidance from within
59|10|trusting your inner voice
60|10|opening to dreams and the imagination
61|10|being aware of a larger reality
62|11|understanding the possibilities
63|11|opening to what could be
64|11|seeing your hidden talents
65|11|allowing development
66|11|letting what is there flower
67|12|looking beyond the obvious
68|12|approaching a closed off area
69|12|opening to the unknown
70|12|remembering something important
71|12|sensing the secret and hidden
72|12|seeking what is concealed
73|12|acknowledging the Shadow
74|13|giving birth
75|13|nourishing life
76|13|nurturing and caring for others
77|13|cherishing the world
78|13|expressing tenderness
79|13|working with children
80|14|enjoying extravagance
81|14|receiving lavish reward
82|14|luxuriating in plenty
83|14|having more than enough
84|14|feeling rich
85|15|giving and receiving pleasure
86|15|focusing on the body
87|15|appreciating beauty
88|15|feeling vibrantly healthy
89|15|being earthy
90|15|doing physical activity
91|16|relating to plants and animals
92|16|embracing the natural
93|16|feeling connected to the Earth
94|16|going outdoors
95|16|harmonizing with natural rhythms
96|17|establishing a family line
97|17|setting direction and tone
98|17|protecting and defending
99|17|guiding growth
100|17|bringing security and comfort
101|17|offering explanations
102|18|creating order out of chaos
103|18|categorizing
104|18|being systematic
105|18|providing shape and form
106|18|being organized
107|18|applying reason
108|18|coordinating
109|18|sticking to a plan
110|19|taking a leadership role
111|19|commanding
112|19|exerting control
113|19|representing the establishment
114|19|being in a position of strength
115|19|coming in contact with officials
116|19|setting direction
117|20|establishing law and order
118|20|operating from sound principles
119|20|applying rules or guidelines
120|20|working within the legal system
121|20|setting standards of behavior
122|20|following a regimen
123|21|pursuing knowledge
124|21|becoming informed
125|21|increasing understanding
126|21|studying and learning
127|21|seeking a deeper meaning
128|21|finding out more
129|22|sharing a cultural heritage
130|22|learning a religious tradition
131|22|honoring ritual and ceremony
132|22|identifying a world view
133|22|following a discipline
134|22|knowing where to put your faith
135|23|following the rules
136|23|taking an orthodox approach
137|23|staying within conventional bounds
138|23|adapting to the system
139|23|fitting in
140|23|going along with the program
141|23|doing what's expected
142|23|being part of the Establishment
143|24|being committed to a cause
144|24|devoting energy to a group
145|24|joining an organization
146|24|working as part of a team
147|24|feeling loyal to others
148|24|being in an institutionalized setting
149|25|establishing bonds
150|25|feeling love
151|25|forming a union or marriage
152|25|acknowledging kinship
153|25|sympathizing with another
154|25|getting closer
155|25|making a connection
156|25|being intimate
157|26|seeking union
158|26|experiencing desire
159|26|making love
160|26|opening to another
161|26|responding with passion
162|26|feeling a physical attraction
163|26|tapping inner energy
164|27|questioning received opinions
165|27|figuring out where you stand
166|27|staying true to yourself
167|27|setting your own philosophy
168|27|going by your own standards
169|27|making up your own mind
170|28|struggling with temptation
171|28|choosing between right and wrong
172|28|facing an ethical or moral choice
173|28|refusing to let ends justify means
174|28|finding out what you care about
175|29|reaching your goal
176|29|winning
177|29|being successful
178|29|dominating
179|29|coming out on top
180|29|beating the competition
181|30|being determined to succeed
182|30|focusing your intent
183|30|rising above temptation
184|30|letting nothing distract you
185|30|sustaining an effort
186|30|concentrating your energies
187|30|fixing on a goal
188|31|being ego-focused
189|31|establishing an identify
190|31|knowing who you are
191|31|feeling self-confident
192|31|having faith in yourself
193|31|looking out for your interests
194|32|mastering emotions
195|32|curbing impulses
196|32|maintaining discipline
197|32|holding in anger
198|32|getting your way
199|32|assuming the reins of power
200|32|showing authority
201|33|knowing you can endure
202|33|having a gallant spirit
203|33|feeling an unshakable resolve
204|33|taking heart despite setbacks
205|33|having stamina
206|33|being a rock
207|34|dealing calmly with frustration
208|34|accepting others
209|34|taking time
210|34|maintaining composure
211|34|refusing to get angry
212|34|showing forbearance
213|35|giving others lots of space
214|35|tolerating
215|35|understanding what others are feeling
216|35|accepting
217|35|forgiving imperfection
218|35|being kind
219|36|thinking things over
220|36|focusing inward
221|36|concentrating less on the senses
222|36|quieting yourself
223|36|looking for answers within
224|36|needing to understand
225|37|seeking greater understanding
226|37|looking for something
227|37|wanting the truth at all costs
228|37|going on a personal quest
229|37|needing more
230|37|desiring a new direction
231|38|going to/being a mentor
232|38|accepting/offering wise counsel
233|38|learning from/being a guru
234|38|turning to/being a trusted teacher
235|38|being helped/helping
236|39|using what chance offers
237|39|seeing life's threads weave together
238|39|finding opportunity in an accident
239|39|opening to luck
240|39|sensing the action of fate
241|39|witnessing miracles
242|40|reversing
243|40|moving in a different direction
244|40|turning things around
245|40|having a change in fortune
246|40|altering the present course
247|40|being surprised at a turn of events
248|41|experiencing change
249|41|having the tempo of life speed up
250|41|being swept up in new developments
251|41|rejoining the world of activity
252|41|getting involved
253|42|insisting on fairness
254|42|acting on ethical principles
255|42|being involved in legal concerns
256|42|committing to honesty
257|42|seeking equality
258|42|being impartial
259|42|trying to do what is right
260|43|settling old accounts and debts
261|43|being accountable
262|43|acknowledging the truth
263|43|admitting involvement
264|43|handling the situation
265|43|doing what has to be done
266|44|weighing all sides of an issue
267|44|setting a course for the future
268|44|balancing all factors
269|44|determining right action
270|44|choosing with full awareness
271|45|having an emotional release
272|45|accepting what is
273|45|surrendering to experience
274|45|ending the struggle
275|45|being vulnerable and open
276|45|giving up control
277|45|accepting God's will
278|46|turning the world around
279|46|changing your mind
280|46|overturning old priorities
281|46|seeing from a new angle
282|46|upending the old order
283|46|doing an about-face
284|47|pausing to reflect
285|47|feeling outside of time
286|47|taking time to just be
287|47|giving up urgency
288|47|living in the moment
289|47|waiting for the best opportunity
290|48|closing one door to open another
291|48|bringing something to a close
292|48|completing a chapter
293|48|concluding unfinished business
294|48|putting the past behind you
295|48|having a parting of the ways
296|49|changing status
297|49|moving from the known to the unknown
298|49|being cast adrift
299|49|waiting in an in-between state
300|49|being in the middle
301|50|cutting out what isn't necessary
302|50|shedding old attitudes
303|50|getting down to bare bones
304|50|concentrating on essentials
305|50|getting back to basics
306|51|finding the middle ground
307|51|showing moderation
308|51|avoiding excess
309|51|mitigating a harsh position
310|51|looking for the golden mean
311|51|reaching a compromise
312|51|offsetting an extreme
313|52|experiencing harmony
314|52|achieving equilibrium
315|52|bringing together opposites
316|52|recognizing all sides
317|52|fostering cooperation
318|52|feeling centered and secure
319|53|renewing energy and vigor
320|53|healing
321|53|enjoying well-being
322|53|recovering
323|53|flourishing
324|54|gathering together what is needed
325|54|joining with others
326|54|consolidating
327|54|finding the right mix
328|54|creating synthesis
329|54|getting it all together
330|55|accepting an unwanted situation
331|55|being obsessed
332|55|feeling tied down against your will
333|55|losing independence
334|55|allowing yourself to be controlled
335|55|being addicted and enslaved
336|55|submitting to another
337|56|being caught up in appearances
338|56|believing only in the physical
339|56|forgetting the spiritual
340|56|getting and spending
341|56|overindulging the senses
342|57|being unaware
343|57|operating within a narrow range
344|57|experiencing limitation
345|57|choosing to stay in the dark
346|57|fearing the unknown
347|57|being taken in by appearances
348|58|believing the worst
349|58|despairing
350|58|lacking faith
351|58|seeing a cold world
352|58|thinking negatively
353|58|foreseeing a bleak future
354|58|doubting
355|59|experiencing upheaval
356|59|having plans disrupted
357|59|being surprised
358|59|undergoing a crisis
359|59|having routines shaken up
360|59|being in chaos
361|60|exploding
362|60|having an emotional outburst
363|60|erupting in anger
364|60|crashing through ego defenses
365|60|breaking through pretense
366|60|letting everything go
367|61|being humbled
368|61|experiencing a crash
369|61|toppling from the heights
370|61|having a downturn in fortune
371|61|suffering a blow to the ego
372|62|suddenly realizing the truth
373|62|exposing what was hidden
374|62|having a burst of insight
375|62|seeing through illusions
376|62|getting the answer
377|62|seeing everything in a flash
378|63|having faith in the future
379|63|thinking positively
380|63|believing
381|63|counting your blessings
382|63|seeing the light at the end of the tunnel
383|63|feeling great expectation
384|63|looking forward to success
385|64|regaining motivation
386|64|realizing an inner strength
387|64|seeing the way clear
388|64|being stimulated to a higher level
389|64|creating
390|64|receiving the answer
391|65|wanting to give or share
392|65|spreading the wealth
393|65|opening your heart
394|65|giving back what you have received
395|65|letting love flow freely
396|65|offering with no reservations
397|65|holding nothing back
398|66|experiencing peace of mind
399|66|relaxing
400|66|finding your still center
401|66|remaining untroubled
402|66|savoring perfect calm
403|66|being tranquil amid trouble
404|66|enjoying harmony
405|67|releasing inner demons
406|67|feeling a nameless apprehension
407|67|suffering from phobias
408|67|giving in to the shadow self
409|67|lacking courage
410|67|being overcome by anxieties
411|68|accepting a false picture
412|68|deceiving yourself
413|68|having unrealistic ideas
414|68|misapprehending the truth
415|68|experiencing distortions
416|68|chasing after a fantasy
417|69|having vivid dreams or visions
418|69|opening to fantasy
419|69|plumbing the unconscious
420|69|entertaining unusual thoughts
421|69|being outlandish and bizarre
422|70|losing direction and purpose
423|70|having trouble thinking clearly
424|70|becoming confused
425|70|being easily distracted
426|70|feeling disoriented
427|70|wandering aimlessly
428|71|understanding
429|71|finding the sense behind the chaos
430|71|attaining a new level of insight
431|71|having an intellectual breakthrough
432|71|getting to the heart of the matter
433|71|realizing the truth
434|72|achieving prominence
435|72|being singled out for notice
436|72|having a personal moment of glory
437|72|setting an outstanding example
438|72|shining forth brilliantly
439|72|demonstrating distinction
440|72|becoming the center of attention
441|73|becoming radiantly energized
442|73|bursting with enthusiasm
443|73|experiencing joy
444|73|feeling invigorated
445|73|getting charged up
446|73|enjoying great health
447|74|feeling free and expansive
448|74|honoring your true self
449|74|knowing you can succeed
450|74|being confident
451|74|believing in your worth
452|74|trusting your abilities
453|74|forgiving yourself
454|75|having a day of reckoning
455|75|separating the wheat from the chaff
456|75|making an honest appraisal
457|75|getting off the fence
458|75|using critical faculties
459|75|taking a stand
460|75|making hard choices
461|76|awakening to possibilities
462|76|transforming
463|76|enjoying renewed hope
464|76|making a fresh start
465|76|seeing everything in a new light
466|76|discovering joy
467|77|recognizing your true vocation
468|77|feeling inner conviction
469|77|feeling an impulse to act
470|77|deciding to make a difference
471|77|feeling drawn in a new direction
472|77|knowing what you must do
473|77|answering a need
474|78|feeling cleansed and refreshed
475|78|releasing guilts and sorrows
476|78|forgiving yourself and others
477|78|atoning for past mistakes
478|78|unburdening yourself
479|78|feeling sins washed away
480|79|experiencing wholeness
481|79|bringing parts together
482|79|achieving dynamic balance
483|79|combining
484|79|creating synthesis
485|79|joining together
486|79|working in unison
487|80|realizing your goals
488|80|prospering
489|80|achieving your heart's desire
490|80|seeing dreams come true
491|80|flourishing
492|80|finding a beautiful solution
493|81|contributing
494|81|healing
495|81|rendering a service
496|81|using a gift or talent
497|81|sharing what you have
498|81|giving of yourself
499|81|feeling engaged
500|81|being active
501|82|savoring the present
502|82|taking pleasure in life
503|82|enjoying peace of mind
504|82|getting satisfaction
505|82|finding contentment
506|82|counting your blessings
507|83|inventing a better way
508|83|expanding your potential
509|83|opening to greater possibilities
510|83|conceiving a dream
511|83|expressing yourself
512|83|stimulating your imagination
513|83|allowing a talent to unfold
514|83|coming up with a solution
515|84|feeling fired up and eager
516|84|creating an aura of excitement
517|84|being ready to tackle the world
518|84|inspiring others
519|84|sustaining optimism
520|84|giving 110%
521|85|believing in yourself
522|85|feeling assured of your abilities
523|85|being sure of success
524|85|having high self-esteem
525|85|having faith in your path
526|85|knowing things will work out
527|86|tackling a challenging task
528|86|going beyond your limits
529|86|being true to your beliefs
530|86|daring to take a stand
531|86|facing your fears
532|86|going for it
533|87|commanding attention and respect
534|87|directing those around you
535|87|holding the world in your hands
536|87|wielding influence
537|87|calling the shots
538|87|having authority
539|87|swaying others to your position
540|87|being able to achieve your goals
541|88|daring to do what you want
542|88|taking a risk
543|88|gambling events will go your way
544|88|confronting the situation head-on
545|88|taking the initiative
546|88|speaking your mind
547|88|facing fear directly
548|88|taking the bull by the horns
549|88|seizing the day
550|89|doing what no one else has done
551|89|creating your own style
552|89|being a pioneer
553|89|taking a different approach
554|89|inventing something new
555|89|diverging from the crowd
556|89|marching to a different drummer
557|90|seeking out uncharted areas
558|90|going in quest of new adventure
559|90|expanding horizons
560|90|leaving the secure behind
561|90|tackling something different
562|91|being visionary
563|91|looking for greater possibilities
564|91|planning ahead
565|91|knowing what to expect
566|91|getting a premonition
567|91|anticipating obstacles
568|91|taking the long view
569|92|showing others the way
570|92|taking the main role
571|92|providing needed direction
572|92|rallying the group behind you
573|92|assuming a responsible position
574|92|setting an example
575|92|serving as a representative
576|93|rejoicing over a happy event
577|93|recognizing a success
578|93|observing an anniversary, milestone or special time
579|93|congratulating on a job well-done
580|93|reflecting on accomplishments
581|93|enjoying some well-deserved rewards
582|93|taking part in a ceremony or rite
583|94|getting out of an oppressive situation
584|94|breaking free of bonds
585|94|cutting loose
586|94|opening to new possibilities
587|94|escaping unhappy circumstances
588|94|claiming self-determination
589|94|letting go of limitations
590|95|bubbling over with delight
591|95|feeling thrilled
592|95|look forward expectantly
593|95|getting caught up in the moment
594|95|feeling jubilant
595|95|relishing the moment
596|95|being surprised
597|96|feeling everyone is at cross-purposes
598|96|being torn by dissension
599|96|quarreling, arguing and bickering
600|96|becoming embroiled in a debate
601|96|being at odds with others
602|96|quibbling over details
603|97|feeling the thrill of the contest
604|97|going against an opponent
605|97|rising to the challenge
606|97|being involved in a game or sport
607|97|trying to outdo yourself
608|97|going for the gold
609|97|looking for a fight
610|97|having a rival
611|97|being challenged by an upstart
612|98|getting annoyed by demands
613|98|having minor setbacks
614|98|needing to take care of details
615|98|suffering from irritations
616|98|being bothered by trivialities
617|99|having your day in the sun
618|99|being vindicated
619|99|walking away with the prize
620|99|prevailing against all comers
621|99|coming out on top
622|99|achieving success
623|100|being acknowledged
624|100|getting a pat on the back
625|100|receiving an award or citation
626|100|getting praise or a compliment
627|100|earning applause
628|100|achieving recognition
629|101|enjoying healthy self-esteem
630|101|strutting your stuff
631|101|holding your head up high
632|101|feeling worthy of notice
633|101|having a high opinion of yourself
634|101|putting yourself above others
635|101|being arrogant
636|101|condescending
637|101|feeling self-important
638|102|going after what you want
639|102|asserting yourself
640|102|taking the offensive
641|102|firing the first shot
642|102|fighting
643|102|making your point forcefully
644|102|seizing the advantage
645|103|holding out against pressure
646|103|defending your position
647|103|opposing all challengers
648|103|combating criticism
649|103|refusing to yield
650|103|"saying ""No!"""
651|103|resisting authority
652|104|being sure
653|104|having a fixed position
654|104|demonstrating strong character
655|104|standing up for what you believe
656|104|knowing you are right
657|104|acting resolutely
658|104|being firm
659|105|making your move
660|105|striking while the iron is hot
661|105|declaring yourself openly
662|105|putting plans into action
663|105|rushing into a new area
664|105|moving into high gear
665|105|getting caught up in change
666|106|culminating an effort
667|106|having all elements come together
668|106|closing out an activity
669|106|experiencing a grand finale
670|106|finding a successful resolution
671|106|completing unfinished business
672|107|getting an important message
673|107|obtaining a needed bit of information
674|107|finding the missing puzzle piece
675|107|discovering the truth
676|107|having a meaningful conversation
677|107|learning more
678|108|assuming ill will
679|108|expecting the worst
680|108|taking extra precautions
681|108|being paranoid
682|108|feeling wary and guarded
683|108|protecting others
684|108|remembering past attacks
685|109|persisting despite all setbacks
686|109|"refusing to take ""no"" for an answer"
687|109|seeing something through to the end
688|109|getting knocked down, then standing up
689|109|keeping your resolve
690|109|trying repeatedly
691|110|continuing despite fatigue
692|110|holding fast
693|110|drawing on hidden reserves
694|110|holding together through force of will
695|110|demonstrating physical strength
696|110|keeping up the pace
697|111|trying to do too much
698|111|"refusing to say ""no"""
699|111|taking all the blame
700|111|assuming another's debt
701|111|doing the lion's share
702|111|having to work overtime
703|111|shouldering all the work
704|111|being saddled with an extra load
705|112|never having time to relax
706|112|feeling tied to a treadmill
707|112|being taxed to the limit
708|112|assuming responsibility
709|112|being held accountable
710|112|carrying out an unpleasant duty
711|112|cleaning up a messy situation
712|112|being left holding the bag
713|113|fighting uphill
714|113|doing everything the hard way
715|113|experiencing resistance
716|113|pushing against the current
717|113|having to work for every gain
718|113|finding that nothing comes easily
719|113|laboring
720|114|take a novel approach
721|114|be original
722|114|invent
723|114|find a new area of self-expression
724|114|use your art
725|114|come up with a solution
726|114|go in a new direction
727|115|jump in wholeheartedly
728|115|get excited
729|115|show optimism
730|115|be the first to volunteer
731|115|be passionate
732|115|get your blood flowing
733|116|tackle a challenge
734|116|"say ""yes, I can"""
735|116|believe in yourself
736|116|stretch your envelope
737|116|move beyond doubts
738|116|focus on success
739|116|know that where there's a will, there's a way
740|117|take a risk
741|117|be daring
742|117|have an adventure
743|117|avoid the sure thing
744|117|take assertive action
745|117|be a leader
746|117|overcome a fear
747|118|is physically attractive..........focuses on style and appearance
748|118|disarms opposition with a smile..........can be thoughtless and insensitive
749|118|is sexy and seductive..........pursues sexual conquests
750|118|generates glamour and excitement..........avoids deep or serious matters
751|118|is honey-tongued..........may say or do what's expedient
752|119|totally lacks self-doubt..........overestimates abilities
753|119|has a can-do attitude..........may boast and brag
754|119|is convinced of his or her talent..........exaggerates accomplishments
755|119|is self-assured at all times..........is brash and nervy
756|119|doesn't sweat the small stuff..........is sometimes presumptuous
757|120|will risk anything without fear..........is reckless and rash
758|120|will tackle what others avoid..........will endanger self and others
759|120|is the first to volunteer for danger..........doesn't give danger due respect
760|120|loves being a hero..........is impetuous
761|120|boldly goes where no one has gone before..........is a daredevil
762|121|loves travel and new experiences..........is never content to be still
763|121|seeks novelty and change..........can't set down roots or make ties
764|121|makes things happen..........lacks inner peace and serenity
765|121|rises to every challenge..........won't stop to smell the roses
766|121|is footloose and fancy-free..........must have constant stimulation
767|122|is easily roused to action..........angers easily
768|122|feels strong loyalties..........is too ready for a fight
769|122|feels everything powerfully..........lashes out when riled
770|122|takes a vocal stand..........often acts without thinking
771|122|jumps in with both feet.........may have a chip on his or her shoulder
772|123|is appealing and popular
773|123|creates a powerful first impression
774|123|makes friends easily
775|123|has great sex appeal
776|123|is warm and outgoing
777|124|is loaded with enthusiasm
778|124|tackles a task with total dedication
779|124|gives the utmost in any situation
780|124|is open and sincere
781|124|doesn't hold anything back
782|125|leads a busy and active life
783|125|is vigorous and strong
784|125|radiates health and vitality
785|125|has an inner vibrancy
786|125|is a natural athlete
787|126|is optimistic and upbeat
788|126|has an encouraging word for all
789|126|brightens whatever room he or she is in
790|126|has a warm and sunny disposition
791|126|can shake off the blues easily
792|127|quietly demonstrates self-confidence
793|127|handles any situation with aplomb
794|127|can't be easily rattled or provoked
795|127|is spontaneous and gracious in defeat
796|127|has faith in his or her abilities
797|128|develops innovative projects and ideas
798|128|opens up new areas of experience
799|128|has natural artistic ability
800|128|uses self-expression for useful purposes
801|128|masterminds new strategies
802|128|is original and inventive
803|129|communicates enthusiasm
804|129|creates an atmosphere of excitement
805|129|sets an example others want to follow
806|129|instills confidence
807|129|is a powerful, natural leader
808|130|seems to dominate the environment
809|130|has a commanding presence
810|130|is assertive when necessary
811|130|earns respect and willing compliance
812|130|carries authority naturally
813|131|is often showy and theatrical
814|131|enjoys making the gesture with flair
815|131|naturally becomes the focus of attention
816|131|magnetically attracts others
817|131|is watched, imitated and talked about
818|132|is intrepid
819|132|is willing to take chances when the stakes are high
820|132|confronts opposition directly
821|132|dares to stand and be different
822|132|is unconcerned with what others think
823|132|has the courage of his or her convictions
824|133|getting in touch with your feelings
825|133|letting your heart lead the way
826|133|empathizing with others
827|133|expressing deep feelings
828|133|responding viscerally
829|134|trusting your inner voice
830|134|responding to messages from within
831|134|experiencing direct knowing
832|134|enhancing your psychic awareness
833|134|getting in tune with yourself
834|134|going with your gut reaction
835|135|feeling an attraction grow
836|135|falling in love
837|135|establishing a bond with another
838|135|developing a relationship
839|135|getting close to someone
840|135|going to a deeper level
841|136|expressing affection
842|136|opening yourself to others
843|136|responding sympathetically
844|136|letting your love light shine
845|136|giving to those in need
846|136|getting rid of negativity
847|136|forgiving and forgetting
848|137|joining with another
849|137|celebrating a marriage or union
850|137|cementing a friendship
851|137|establishing a partnership
852|137|working together
853|137|sharing
854|137|helping and being helped
855|137|seeing commonalities
856|138|healing a severed relationship
857|138|bringing together opposites
858|138|letting bygones be bygones
859|138|coming to a satisfactory agreement
860|138|declaring peace
861|138|forgiving and forgetting
862|139|recognizing a bond that is developing
863|139|accepting your preferences
864|139|letting yourself be drawn in
865|139|moving toward
866|139|feeling a positive response
867|140|bursting with energy
868|140|being in the flow
869|140|celebrating
870|140|overflowing with high spirits
871|140|feeling on top of the world
872|140|dancing and singing
873|140|putting yourself out there
874|141|getting together with people you like
875|141|experiencing camaraderie
876|141|extending/receiving hospitality
877|141|sharing
878|141|finding companions
879|141|trusting others
880|141|relying on outside help
881|142|taking part in a support group
882|142|developing a team spirit
883|142|working together
884|142|uniting with others
885|142|forming a group bond
886|142|helping each other
887|142|discovering a common goal
888|142|being neighborly
889|143|concentrating on your own feelings
890|143|wanting for yourself
891|143|being unaware of others
892|143|giving out little
893|143|withholding affection
894|143|seeing only your point of view
895|143|ignoring gifts and blessings
896|144|passively accepting
897|144|losing interest
898|144|feeling disengaged
899|144|making little effort
900|144|finding life stale and flat
901|144|lacking motivation
902|144|feeling little desire
903|145|being introspective
904|145|meditating
905|145|dreaming
906|145|contemplating
907|145|pausing to reflect
908|145|getting lost in reverie
909|145|withdrawing from involvement
910|145|losing outer awareness
911|146|letting go of a hope
912|146|giving up the win
913|146|experiencing a setback
914|146|being defeated
915|146|having a possession taken away
916|146|saying good-bye
917|147|breaking up a relationship
918|147|feeling deprived of love
919|147|longing to be reunited
920|147|grieving
921|147|feeling sorrow
922|148|being disappointed by events
923|148|crying over spilt milk
924|148|wanting to turn back the clock
925|148|wishing for what might have been
926|148|believing you made the wrong choice
927|148|acknowledging mistakes
928|149|acting kindly or charitably
929|149|doing a good turn for another
930|149|sharing what you have
931|149|having a noble impulse
932|149|receiving a gift
933|149|feeling blessed
934|149|being well-intentioned
935|150|feeling simple contentment
936|150|surrounding yourself with goodness
937|150|being blissfully unaware
938|150|having a clear conscience
939|150|shunning corruption
940|150|being acquitted
941|150|appreciating simple joys
942|151|being with a child or young person
943|151|feeling carefree
944|151|being taken care of
945|151|feeling nostalgic
946|151|indulging in play
947|151|enjoying youthful activities
948|151|having a baby
949|152|creating fantasies
950|152|dreaming
951|152|getting caught up in illusions
952|152|letting your imagination run wild
953|152|kidding yourself about the facts
954|152|building castles in the air
955|152|waiting for your ship to come in
956|152|lacking focus and commitment
957|152|avoiding putting ideas to the test
958|153|being offered many alternatives
959|153|facing an array of choices
960|153|believing in limitless possibilities
961|153|looking at a wide open field
962|153|getting to pick and choose
963|154|overindulging
964|154|letting everything go
965|154|becoming disorganized
966|154|eating/drinking/partying to excess
967|154|neglecting your health
968|154|entering into addictive patterns
969|154|being inclined toward indolence
970|154|being lazy
971|154|procrastinating
972|155|focusing on personal truth
973|155|leaving the rat race
974|155|looking for answers
975|155|concentrating on what is important
976|155|starting on a journey of discovery
977|155|finding out the facts
978|155|devoting more time to the spiritual
979|156|realizing the current cycle is over
980|156|abandoning a hopeless situation
981|156|disentangling yourself
982|156|starting on a trip of unknown length
983|156|letting go
984|156|finishing up and walking away
985|157|feeling drained by demands
986|157|dragging through the day
987|157|feeling tired and listless
988|157|lacking energy
989|157|losing hope
990|157|getting weighed down by worries
991|157|becoming burned out
992|158|achieving what you desire
993|158|obtaining your goal
994|158|getting what you <i>think</i> you want
995|158|having your dream come true
996|159|indulging in a little smugness
997|159|enjoying the situation just as it is
998|159|feeling pleased as punch
999|159|getting the results you hoped for
1000|159|feeling all's well with the world
1001|159|being contented
1002|160|experiencing luxury
1003|160|savoring a delicious meal
1004|160|appreciating the arts
1005|160|making love
1006|160|relaxing
1007|160|experiencing beauty
1008|160|enjoying physical exertion
1009|161|embracing happiness
1010|161|having a sense of well-being
1011|161|radiating love
1012|161|delighting in good fortune
1013|161|counting your blessings
1014|161|expressing delight
1015|162|experiencing serenity
1016|162|doing away with hostilities
1017|162|restoring harmony
1018|162|reducing stress and tension
1019|162|feeling contented and at ease
1020|162|calling a truce
1021|162|relaxing
1022|163|working for peace in the home
1023|163|going on a family event
1024|163|reaffirming a family commitment
1025|163|supporting a relative in need
1026|163|bonding with family members
1027|163|forgiving someone in the family
1028|164|be moved or touched
1029|164|let your feelings show
1030|164|respond to beauty
1031|164|be sentimental or romantic
1032|164|shed your detachment
1033|164|let your heart lead the way
1034|165|receive guidance from within
1035|165|act on a hunch
1036|165|remember your dreams
1037|165|have a psychic experience
1038|165|experience direct knowing
1039|165|trust your gut reaction
1040|166|start or renew a love affair
1041|166|meet someone you're attracted to
1042|166|get closer to someone
1043|166|go beyond formalities
1044|166|have a special moment of togetherness
1045|166|solidify a friendship
1046|166|share something personal
1047|167|make a thoughtful gesture
1048|167|express sympathy and understanding
1049|167|forgive yourself
1050|167|forgive someone who has hurt you
1051|167|apologize to someone you have hurt
1052|167|reach out and touch someone
1053|167|mend a broken relationship
1054|167|brighten someone's day
1055|167|respond with caring rather than anger
1056|167|refuse to judge or condemn
1057|168|idealizes love..........lacks self-restraint
1058|168|emphasizes feelings..........is often jealous
1059|168|concentrates on the poetry of life..........tends to be gushy and melodramatic
1060|168|remembers special occasions..........blows hot and cold in affections
1061|168|expresses sentiments beautifully..........brings flowers, but forgets to put gas in the car
1062|169|can tap the fertile unconscious..........indulges in idle daydreams
1063|169|looks beyond the obvious..........has big ideas that come to nothing
1064|169|never takes the mundane path..........has an unrealistic approach
1065|169|spins marvelous tales..........has an overactive imagination
1066|169|is visionary..........can shade the truth
1067|170|is aware of moods and feelings..........is prone to mood swings
1068|170|helps others open up..........can be petulant and sulky
1069|170|responds deeply to life..........gels melancholy and depressed
1070|170|understands the pains of others..........broods excessively
1071|170|is tactful and diplomatic..........takes offense easily
1072|171|appreciates beauty in all forms..........leaves dirty work to others
1073|171|seeks the finest..........can't face unpleasantness
1074|171|creates a pleasing environment..........lacks robust good health
1075|171|understands subtlety..........emphasizes style over substance
1076|171|is suave and gracious..........gets overwhelmed by pressure
1077|172|values the inner life..........focuses inward to excess
1078|172|tries to understand why..........avoids active participation
1079|172|questions motivations..........is driven to self-examination
1080|172|seeks self-improvement..........exaggerates personal failings
1081|172|sees below the surface..........can't relax around others
1082|173|turns away wrath with caring
1083|173|is unconditionally accepting
1084|173|is sensitive to the feelings of others
1085|173|dispels anger and hate
1086|173|has infinite patience
1087|174|is easily moved by another's pain
1088|174|reacts with sensitivity and compassion
1089|174|is kind and gentle with all creatures
1090|174|can never turn away someone in need
1091|174|feels what others are feeling
1092|175|is always tuned to emotional undercurrents
1093|175|senses the climate of a situation
1094|175|is guided by the heart
1095|175|trusts an inner sense of what is true
1096|175|understands without having to ask
1097|176|is open to the unconscious
1098|176|has a well-developed sixth sense
1099|176|can have a telepathic bond with another
1100|176|has a finely-tuned sensibility
1101|176|is a natural medium
1102|177|feels oneness with God and the universe
1103|177|has reverence for all life
1104|177|finds joy in communion
1105|177|appreciates the deeper meanings of life
1106|177|sees the world as a holy place
1107|178|gives good advice
1108|178|has a deep grasp of human nature
1109|178|teaches through loving attention
1110|178|knows what others need for growth
1111|178|sees right to the heart of the matter
1112|178|understands many levels of experience
1113|179|maintains his or her composure
1114|179|has a quieting influence on others
1115|179|is emotionally stable and secure
1116|179|keeps his or her head in a crisis
1117|179|never seems nervous or tense
1118|180|can balance the needs of many people
1119|180|keeps everyone working together happily
1120|180|can diffuse a tense situation
1121|180|achieves goals through subtle influence
1122|180|says just the right word at the right time
1123|181|responds to emotional needs
1124|181|is a natural healer and therapist
1125|181|takes action to help those in need
1126|181|feels compassion for the less fortunate
1127|181|does volunteer and charity work
1128|182|has open and broad-minded views
1129|182|accepts the limitations of others
1130|182|is comfortable with all types of people
1131|182|allows others their freedom
1132|182|is patient in trying circumstances
1133|183|being objective
1134|183|thinking your way through
1135|183|finding out the facts
1136|183|analyzing the situation
1137|183|using your intellect
1138|183|applying logic and reason
1139|184|overcoming adversity
1140|184|facing problems
1141|184|resolving a situation
1142|184|finding the strength to overcome
1143|184|surmounting obstacles
1144|184|being undaunted by setbacks
1145|185|righting a wrong
1146|185|championing a cause
1147|185|doing what is right
1148|185|establishing the truth
1149|185|accepting responsibility
1150|185|wanting what is fair
1151|186|dispelling doubts
1152|186|cutting through confusion
1153|186|seeing through illusions
1154|186|having clear understanding
1155|186|being honest
1156|186|finding out what is real
1157|187|denying true feelings
1158|187|stifling a natural response
1159|187|keeping another at arm's length
1160|187|hiding distress
1161|187|turning a deaf ear
1162|187|being defensive
1163|187|maintaining your cool
1164|188|refusing to look at facts
1165|188|pretending everything's fine
1166|188|ignoring the warning signs
1167|188|closing your eyes to what's going on
1168|188|avoiding an unpleasantness
1169|188|choosing not to know
1170|189|feeling afraid to act
1171|189|reaching an impasse
1172|189|staying stuck
1173|189|refusing to decide
1174|189|being unwilling to rock the boat
1175|189|staying on the fence
1176|190|causing heartbreak
1177|190|suffering emotional pain
1178|190|hurting inside
1179|190|being disappointed
1180|190|getting some unsettling news
1181|190|having your feelings hurt
1182|190|hurting someone's feelings
1183|190|receiving little solace
1184|191|being separated
1185|191|wandering far from home
1186|191|being spurned or rejected
1187|191|feeling isolated from those you love
1188|191|being deserted in time of need
1189|191|feeling lost
1190|192|discovering a painful truth
1191|192|finding your trust misplaced
1192|192|being let down
1193|192|letting someone down
1194|192|getting stabbed in the back
1195|192|turning against someone
1196|192|breaking your word
1197|192|acting against
1198|193|taking a break
1199|193|giving your body time to heal
1200|193|avoiding overexertion
1201|193|finding peace and quiet
1202|193|relaxing body and soul
1203|193|taking life easy
1204|194|gaining a better perspective
1205|194|listening for your Inner Voice
1206|194|taking time alone to think
1207|194|standing back from the situation
1208|194|examining your motivations
1209|194|reviewing where you are
1210|195|consolidating inner resources
1211|195|making sure your base is secure
1212|195|getting ready for the future
1213|195|coming to terms with what is
1214|195|tieing up loose ends
1215|195|stabilizing
1216|196|setting aside the concerns of others
1217|196|looking out for number one
1218|196|thinking of your own needs
1219|196|knowing you must concentrate on yourself
1220|196|encountering selfishness
1221|196|indulging in power plays
1222|196|gloating
1223|196|going for the win-lose result
1224|197|being in a hostile environment
1225|197|feeling people are set against each other
1226|197|choosing to battle
1227|197|"having an ""us-against-them"" mentality"
1228|197|creating ill will
1229|197|experiencing conflict
1230|198|losing your moral compass
1231|198|letting ends justify means
1232|198|sacrificing integrity
1233|198|losing sight of what is right
1234|198|achieving a dubious victory
1235|198|knowing of criminal activity
1236|199|experiencing a low-level sadness
1237|199|just keeping your head above water
1238|199|working to get through the day
1239|199|feeling somewhat depressed
1240|199|avoiding the lows, but also the highs
1241|199|feeling listless
1242|199|functioning, but not much more
1243|200|dealing with the effects of trauma
1244|200|getting over a tough time
1245|200|picking up the pieces
1246|200|starting to cope
1247|200|beginning to get your health back
1248|200|heading toward a more positive place
1249|200|feeling hope again
1250|201|changing location
1251|201|moving from one place to another
1252|201|taking a trip
1253|201|experiencing a change of scene
1254|201|being uprooted
1255|201|going on a journey
1256|201|entering into a new frame of mind
1257|202|shirking responsibility
1258|202|sneaking off
1259|202|leaving
1260|202|avoiding obligations
1261|202|being afraid to face the music
1262|202|taking the easy way out
1263|202|hiding from the truth
1264|202|procrastinating
1265|203|feeling you don't need anyone else
1266|203|wanting independence
1267|203|deciding not to help
1268|203|keeping something to yourself
1269|203|preferring solitude
1270|203|staying aloof
1271|203|wanting to go it alone
1272|203|holding people at arm's length
1273|204|deceiving or being deceived
1274|204|covering your tracks
1275|204|maneuvering behind the scenes
1276|204|being two-faced
1277|204|seeing others take the rap
1278|204|controlling without appearing to
1279|204|avoiding a shameful secret
1280|204|lying or stealing
1281|205|being fenced in by obstacles
1282|205|staying in a limited situation
1283|205|feeling trapped by circumstances
1284|205|experiencing few options
1285|205|being blind to freedom
1286|205|feeling persecuted
1287|206|being unsure which way to turn
1288|206|feeling at a loss
1289|206|lacking direction
1290|206|feeling overwhelmed
1291|206|floundering around
1292|206|needing guidance and clarity
1293|206|not understanding what is happening
1294|207|waiting for outside rescue
1295|207|doubting anything you do will help
1296|207|avoiding responsibility
1297|207|looking for a white knight
1298|207|feeling victimized
1299|207|accepting inaction
1300|208|doubting all will go well
1301|208|brooding
1302|208|making yourself sick over your troubles
1303|208|going over and over an issue
1304|208|feeling anxious and tense
1305|208|getting worked up
1306|209|regretting some offense
1307|209|refusing to forgive yourself
1308|209|wanting to turn back the clock
1309|209|"focusing on your ""sins"""
1310|209|being hard on yourself
1311|209|denying that you did your best
1312|209|getting overwhelmed by remorse
1313|210|despairing
1314|210|feeling you've reached your limits
1315|210|having sleepless nights
1316|210|feeling depressed
1317|210|going through a dark night of the soul
1318|210|forgetting joy
1319|210|wanting to cry
1320|211|having nowhere to go but up
1321|211|knowing it's darkest before the dawn
1322|211|being at the lowest point
1323|211|feeling things can't get worse
1324|211|preparing for an upturn
1325|211|reaching the pits
1326|212|bemoaning your fate
1327|212|feeling powerless
1328|212|seeing life as hostile
1329|212|suffering from an attack
1330|212|"wondering ""Why me?"""
1331|212|feeling self-pity
1332|212|being on the receiving end
1333|213|putting your own interests last
1334|213|being self-deprecating
1335|213|feeling like a doormat
1336|213|taking a back seat
1337|213|letting others go first
1338|213|sacrificing
1339|214|analyze the problem
1340|214|use logic and reason
1341|214|reexamine beliefs
1342|214|develop an idea or plan
1343|214|study or research the facts
1344|214|learn or teach
1345|214|think everything through
1346|215|act honestly
1347|215|face the facts
1348|215|stop deceiving
1349|215|clear up any confusion
1350|215|expose what is hidden
1351|215|speak directly
1352|216|right a wrong
1353|216|act ethically
1354|216|treat others equally
1355|216|champion a cause
1356|216|try to be fair
1357|216|do what you know is right
1358|216|accept responsibility
1359|216|acknowledge the other point of view
1360|217|face problems squarely
1361|217|refuse to be discouraged
1362|217|meet setbacks with renewed energy
1363|217|keep a firm resolve
1364|217|move out of depression
1365|217|keep your chin up and head high
1366|217|keep trying
1367|218|is frank and outspoken..........is tactless and rude
1368|218|gets straight to the point..........may have a brusque manner
1369|218|does not mince words..........does not spare the feelings of others
1370|218|lets others know where they stand..........can't hold his or her tongue
1371|218|gives an honest answer..........shows little discretion
1372|219|speaks with assurance..........tends to be domineering
1373|219|commands attention..........forces a position on others
1374|219|acts with total certainty..........expects immediate compliance
1375|219|gives orders naturally..........does not welcome dissent
1376|219|has great influence..........acts in a high-handed manner
1377|220|has a keen, forceful intellect..........is prone to biting sarcasm
1378|220|penetrates to the core..........lacks sensitivity
1379|220|expresses ideas succinctly..........can be critical
1380|220|is sharp and alert..........has a barbed wit
1381|220|debates and argues well..........derides stupidity
1382|221|knows what he or she is talking about..........believes he or she is always right
1383|221|can expound on any topic..........lacks tolerance of other viewpoints
1384|221|is sought as an expert..........must have the last word
1385|221|has well-reasoned positions..........is arrogant
1386|221|is highly intelligent.........can be dogmatic and close-minded
1387|222|reasons clearly..........undervalues intuition
1388|222|analyzes information well..........treats people like numbers
1389|222|concentrates on what is correct..........doesn't temper justice with mercy
1390|222|can set aside emotional factors..........is cut off from emotions
1391|222|makes sense out of confusion..........is cold and aloof
1392|223|faces the truth, even if unpleasant
1393|223|is up front with everyone
1394|223|likes everything on the table
1395|223|plays by the rules
1396|223|avoids lies and deception
1397|224|sizes up a situation quickly
1398|224|understands hidden motives and desires
1399|224|is difficult to fool, trick or con
1400|224|figures out the unspoken rules and agendas
1401|224|is quick on the uptake
1402|225|is direct and open in all dealings
1403|225|gets to the heart of the matter
1404|225|acts without pretense or guile
1405|225|is straightforward and no-nonsense
1406|225|can be candid when necessary
1407|226|has a delightful sense of humor
1408|226|diffuses awkward situations with a funny remark
1409|226|never takes anything too seriously
1410|226|laughs at everything, including him or herself
1411|227|has seen and done it all
1412|227|has strength due to life's hard knocks
1413|227|is free of self-righteous judgments
1414|227|has realistic expectations
1415|228|is comfortable in the world of the mind
1416|228|uses thought creatively
1417|228|grasps information quickly and completely
1418|228|inspires and challenges through ideas
1419|228|ably carries out research
1420|228|is knowledgeable
1421|229|cuts through confusion and mental fog
1422|229|applies reason and logic
1423|229|is talented with games and other mental challenges
1424|229|easily breaks up complicated subjects
1425|229|is adept at argument and debate
1426|229|understands a problem quickly
1427|230|is adept at language and verbal skills
1428|230|communicates ideas successfully
1429|230|is a stimulating conversationalist
1430|230|often serves as a group spokesperson
1431|230|is a lucid writer and speaker
1432|231|renders honest, insightful judgments
1433|231|understands and honors all sides of an issue
1434|231|is concerned about truth and fairness
1435|231|views situations with a dispassionate eye
1436|231|is impartial and objective
1437|232|is a moral/ethical leader
1438|232|encourages high standards
1439|232|works against corruption and dishonesty
1440|232|takes the high road in all dealings
1441|232|lives by his or her highest principles
1442|233|focusing on concrete results
1443|233|having a real-world impact
1444|233|working with the physical
1445|233|achieving tangible results
1446|233|improving the body/health
1447|233|becoming involved with nature
1448|234|having the means to reach a goal
1449|234|enjoying abundance
1450|234|drawing to you what you need
1451|234|flourishing
1452|234|seeing efforts rewarded
1453|234|increasing assets
1454|234|experiencing growth
1455|235|using common sense
1456|235|getting down-to-earth
1457|235|taking advantage of what works
1458|235|being realistic
1459|235|grounding yourself in the real world
1460|235|accepting the tools at hand
1461|236|believing in the good faith of others
1462|236|feeling safe and protected
1463|236|knowing you have total security
1464|236|operating from a known position
1465|236|having a support system
1466|236|knowing the situation is stable
1467|236|consolidating a firm base
1468|237|keeping everything in balance
1469|237|coping with demands
1470|237|getting people to work together
1471|237|making sure all areas are covered
1472|237|having a lot of irons in the fire
1473|237|moving forward smoothly
1474|237|emphasizing all aspects equally
1475|238|adapting quickly
1476|238|feeling free to try new approaches
1477|238|going with the flow
1478|238|refusing to let change throw you
1479|238|opening to developments
1480|238|seeing the possibilities
1481|238|handling challenges
1482|238|changing directions easily
1483|239|doing something you enjoy
1484|239|getting a kick out of life
1485|239|taking time to play
1486|239|feeling in high spirits
1487|239|whistling while you work
1488|239|seeing the humor in the situation
1489|239|kicking back
1490|240|coordinating with others
1491|240|finding all the needed elements
1492|240|functioning as a unit
1493|240|getting the job done together
1494|240|contributing to the group
1495|240|cooperating
1496|240|combining efforts
1497|241|organizing resources
1498|241|following a schedule
1499|241|operating in the know
1500|241|nailing down the details
1501|241|being an ant, not a grasshopper
1502|241|reviewing beforehand
1503|241|going over possible problems
1504|241|being prepared
1505|242|getting the job done
1506|242|carrying out an assignment well
1507|242|meeting your goals
1508|242|proving your ability
1509|242|achieving more than what's expected
1510|242|knowing what to do and how to do it
1511|242|being up to the job
1512|243|keeping what you have
1513|243|getting your share
1514|243|acquiring material goods
1515|243|hanging on to someone
1516|243|being greedy
1517|243|penny-pinching
1518|243|declaring ownership
1519|243|saving
1520|244|wanting to be in charge
1521|244|denying weakness
1522|244|directing
1523|244|demanding compliance
1524|244|insisting on your own way
1525|244|imposing structure
1526|244|setting limits and rules
1527|244|creating order
1528|245|maintaining the status quo
1529|245|wanting everything to stay the same
1530|245|refusing to look at new approaches
1531|245|stagnating
1532|245|obstructing new developments
1533|245|holding on to the present
1534|245|resisting the flow
1535|246|running into material troubles
1536|246|losing a job or income
1537|246|feeling insecure
1538|246|going through a period of hardship
1539|246|lacking what you need
1540|246|struggling to make ends meet
1541|247|feeling run down and tired
1542|247|refusing to take care of yourself
1543|247|neglecting your body and its needs
1544|247|feeling ragged around the edges
1545|247|getting medical attention
1546|247|abusing your body
1547|248|lacking support
1548|248|having the door slammed in your face
1549|248|taking an unpopular position
1550|248|being ostracized
1551|248|feeling excluded
1552|248|standing alone
1553|248|receiving disapproval
1554|249|giving/receiving
1555|249|taking care of/being taken care of
1556|249|sponsoring/being sponsored
1557|249|supporting/being supported
1558|249|offering/receiving a gift or reward
1559|249|acquiring/not acquiring what you need
1560|250|teaching/learning
1561|250|imparting/receiving information
1562|250|becoming/finding a mentor
1563|250|offering/taking advice
1564|250|showing/being shown the ropes
1565|250|knowing/not knowing a secret
1566|251|leading/following
1567|251|dominating/submitting
1568|251|acting with authority/deference
1569|251|asserting/denying your wishes
1570|251|coercing/being coerced
1571|251|doing all the talking/listening
1572|252|evaluating the status
1573|252|reflecting on progress to date
1574|252|reviewing what's been done
1575|252|pausing to check results
1576|252|making sure you're on course
1577|252|finding out where you stand
1578|252|taking stock
1579|253|finally seeing some results
1580|253|enjoying the first fruits
1581|253|getting returns on investments
1582|253|receiving payoffs
1583|253|being able to let up a bit
1584|253|reaching a milestone
1585|254|weighing a different approach
1586|254|pondering alternatives
1587|254|thinking about change
1588|254|opening to a new strategy
1589|254|questioning your choices
1590|254|standing at a crossroads
1591|255|making an effort
1592|255|working hard
1593|255|applying yourself totally
1594|255|being absorbed in a project
1595|255|dedicating yourself to a task
1596|255|plugging away
1597|255|producing steady results
1598|256|taking a course
1599|256|learning a new craft or skill
1600|256|receiving training
1601|256|pursuing greater understanding
1602|256|researching
1603|256|finding out the facts
1604|256|increasing expertise
1605|257|being painstaking
1606|257|being extra careful
1607|257|approaching a task methodically
1608|257|getting down to the nitty-gritty
1609|257|handling all the loose ends
1610|257|checking and rechecking
1611|257|noticing the fine points
1612|258|exercising self-control
1613|258|showing restraint
1614|258|reining in impulses
1615|258|sacrificing to reach a goal
1616|258|sticking to a program
1617|258|taking a step-by-step approach
1618|259|handling the situation alone
1619|259|acting on your own
1620|259|falling back on your own resources
1621|259|doing it all by yourself
1622|259|wanting to be alone
1623|259|feeling sure your way is best
1624|260|achieving a comfortable lifestyle
1625|260|avoiding the coarse and unsavory
1626|260|being tactful and diplomatic
1627|260|seeking high-minded activities
1628|260|enjoying the finer things of life
1629|260|remembering to be gracious
1630|260|enjoying leisure
1631|261|having material abundance
1632|261|being free from money problems
1633|261|enjoying business success
1634|261|feeling financially secure
1635|261|seeing your ventures flourish
1636|261|having a run of good fortune
1637|262|looking for a solution that will last
1638|262|creating a lasting foundation
1639|262|feeling secure as things are
1640|262|being concerned with the long-term
1641|262|having an orderly family life
1642|262|moving beyond makeshift arrangements
1643|262|nailing down the plan
1644|263|staying within established guidelines
1645|263|proceeding according to the rules
1646|263|taking part in traditions
1647|263|becoming part of the Establishment
1648|263|being conservative
1649|263|trusting in the tried-and-true
1650|263|continuing in known patterns
1651|264|make your plans real
1652|264|mold the physical world
1653|264|use your body
1654|264|experience nature
1655|264|achieve tangible results
1656|264|act on your dreams
1657|264|get events in motion
1658|265|take a realistic approach
1659|265|apply the tools at hand
1660|265|find a solution that works
1661|265|use common sense
1662|265|stop daydreaming
1663|265|work with what you have
1664|265|concentrate on what's effective
1665|266|draw to you what you need
1666|266|increase your means
1667|266|grow and expand
1668|266|enrich yourself
1669|266|go out to meet success
1670|266|seek abundance
1671|266|become secure
1672|267|accept that the solution is well in hand
1673|267|have faith in others
1674|267|accommodate uncertainty
1675|267|accept others at their word
1676|267|keep your word
1677|267|prove yourself dependable
1678|267|stick by your commitments
1679|267|establish credibility
1680|268|is dogged in pursuit of a goal..........is hardheaded and obstinate
1681|268|will not quit..........digs into a position
1682|268|stands firm against opposition..........must have his or her own way
1683|268|stays fixed to a chosen course..........refuses to listen to reason
1684|268|keeps true to personal convictions..........resists compromise
1685|269|checks and double-checks..........is too conservative
1686|269|examines all angles beforehand..........misses chances by waiting
1687|269|proceeds slowly and carefully..........is reluctant to try something new
1688|269|prefers the safe, known path..........settles for safe, small gains
1689|269|is prudent and careful..........is afraid of risking
1690|270|takes care of every detail..........does not know when to quit
1691|270|is meticulous..........is too picky
1692|270|wraps up all loose ends..........must have everything just so
1693|270|never leaves a job half done..........is inflexible and compulsive
1694|270|is painstaking..........insists on perfection
1695|270|completes anything started..........can't leave well enough alone
1696|271|is willing to look at the facts..........concentrates on what's wrong
1697|271|faces the truth..........thinks others are dreamers
1698|271|is not lured by false hopes..........sees a glass as half empty, not half full
1699|271|assesses circumstances candidly..........takes the gloomy view
1700|271|predicts problems in advance..........dooms a project from the start
1701|272|becomes dedicated to a task..........focuses too narrowly on work
1702|272|is diligent and industrious..........can be humorless and grim
1703|272|produces as much as two people..........sees playtime as wasteful
1704|272|tackles any chore vigorously..........drives everyone too hard
1705|272|is tireless and unflagging..........forgets life should be fun
1706|273|gives love and support
1707|273|creates a warm, secure environment
1708|273|makes people feel better
1709|273|responds to the natural world
1710|273|has a green thumb
1711|273|has a way with children and animals
1712|274|will do any service for others
1713|274|is a soft touch
1714|274|always has an open door and welcoming smile
1715|274|gives freely and abundantly
1716|274|is warm, generous and unselfish
1717|275|handles problems matter-of-factly
1718|275|allows others to be themselves
1719|275|has no pretensions or affectations
1720|275|takes a simple, sensible approach
1721|275|appreciates all the senses
1722|276|finds a use for whatever's at hand
1723|276|is handy and versatile
1724|276|makes a little go a long way
1725|276|gets around every obstacle
1726|276|comes up with what's needed
1727|277|keeps confidences and secrets
1728|277|is loyal and steadfast
1729|277|comes through in a pinch
1730|277|keeps faith with others
1731|277|is true to his or her word
1732|278|makes any venture successful
1733|278|finds opportunity everywhere
1734|278|attracts wealth
1735|278|takes an idea and makes it work
1736|278|is a natural manager and businessperson
1737|278|has the Midas touch
1738|279|is informed about practical matters
1739|279|has a wide range of natural abilities
1740|279|has quick reflexes
1741|279|is skillful with his or her hands
1742|279|handles any situation competently
1743|280|meets all commitments and promises
1744|280|assumes responsibility
1745|280|is dependable and unfailing
1746|280|can be counted on in a crisis
1747|280|serves as a rock for others to lean on
1748|281|encourages the accomplishments of others
1749|281|readily jumps in to help
1750|281|is a philantropist
1751|281|gives generously of time and attention
1752|281|sponsors worthwhile projects
1753|282|works toward a goal with firm resolve
1754|282|avoids mood and behavior swings
1755|282|has regular habits and activities
1756|282|maintains a calm, even approach
1757|282|is a stabilizing influence
